create table bblock(block_id varchar(10) primary key, block_name varchar(20), nearby varchar(20));
create table floor(floor_id int primary key, floor_number int); 
create table room(room_id int primary key, room_number int);
create table lab(lab_name varchar(20),block_id varchar(10),floor_id int,room_id int,foreign key(block_id) references bblock(block_id), foreign key(floor_id) references floor(floor_id), foreign key(room_id) references room(room_id));
insert into bblock values('L','CSED','Library and LT LP'); 
insert into floor values(00,00);
insert into floor values(01,01); 
insert into floor values(02,02); 
insert into floor values(03,03); 
insert into floor values(04,04); 
insert into floor values(05,05); 
insert into room values(002,002);
insert into room values(004,004); 
insert into room values(005,005); 
insert into room values(009,009); 
insert into room values(101,101); 
insert into room values(102,102); 
insert into room values(103,103); 
insert into room values(104,104); 
insert into room values(105,105); 
insert into room values(201,201); 
insert into room values(202,202); 
insert into room values(206,206); 
insert into room values(207,207); 
insert into room values(209,209); 
insert into room values(307,307); 
insert into room values(308,308); 
insert into room values(401,401); 
insert into room values(402,402); 
insert into room values(408,408); 
insert into room values(409,409); 
insert into room values(429,429); 
insert into room values(430,430);
insert into lab values('G&A LAB','L',00,002); 
insert into lab values('DSA LAB1','L',00,004); 
insert into lab values('DSA LAB2','L',00,005); 
insert into lab values('ML LAB','L',00,009); 
insert into lab values('ED LAB1','L',01,101); 
insert into lab values('NS LAB1','L',01,102); 
insert into lab values('NS LAB2','L',01,103); 
insert into lab values('SE LAB1','L',01,104); 
insert into lab values('SE LAB2','L',01,105); 
insert into lab values('SS LAB1','L',02,201); 
insert into lab values('SS LAB2','L',02,202); 
insert into lab values('DMS LAB1','L',02,206); 
insert into lab values('DMS LAB2','L',02,207); 
insert into lab values('ED LAB2','L',02,209); 
insert into lab values('AI LAB','L',03,307); 
insert into lab values('DS LAB','L',03,308); 
insert into lab values('ES LAB1','L',04,401); 
insert into lab values('ES LAB2','L',04,402); 
insert into lab values('IS LAB1','L',04,408); 
insert into lab values('IS LAB2','L',04,409); 
insert into lab values('CG LAB1','L',04,429); 
insert into lab values('CG LAB2','L',04,430);
